champion,role,patch,games,wins,winrate
Aatrox,BOTTOM,16.13,2,1,0.5
Aatrox,JUNGLE,16.13,243,149,0.6132
Aatrox,MIDDLE,16.13,15,6,0.4
Aatrox,TOP,16.13,382,189,0.4948
Aatrox,UTILITY,16.13,1,0,0.0
Ahri,BOTTOM,16.13,9,4,0.4444
Ahri,MIDDLE,16.13,841,424,0.5042
Ahri,TOP,16.13,48,30,0.625
Ahri,UTILITY,16.13,7,4,0.5714
Akali,BOTTOM,16.13,3,1,0.3333
Akali,MIDDLE,16.13,518,247,0.4768
Akali,TOP,16.13,188,97,0.516
Akali,UTILITY,16.13,1,0,0.0
Akshan,BOTTOM,16.13,22,10,0.4545
Akshan,MIDDLE,16.13,348,177,0.5086
Akshan,TOP,16.13,33,11,0.3333
Akshan,UTILITY,16.13,1,1,1.0
Alistar,TOP,16.13,2,1,0.5
Alistar,UTILITY,16.13,486,239,0.4918
Ambessa,BOTTOM,16.13,3,2,0.6667
Ambessa,JUNGLE,16.13,167,81,0.485
Ambessa,MIDDLE,16.13,89,46,0.5169
Ambessa,TOP,16.13,487,241,0.4949
Ambessa,UTILITY,16.13,1,0,0.0
Amumu,JUNGLE,16.13,39,13,0.3333
Amumu,TOP,16.13,2,1,0.5
Amumu,UTILITY,16.13,40,17,0.425
Anivia,BOTTOM,16.13,22,12,0.5455
Anivia,MIDDLE,16.13,217,108,0.4977
Anivia,TOP,16.13,170,89,0.5235
Anivia,UTILITY,16.13,47,18,0.383
Annie,BOTTOM,16.13,1,1,1.0
Annie,MIDDLE,16.13,141,67,0.4752
Annie,TOP,16.13,22,15,0.6818
Annie,UTILITY,16.13,25,12,0.48
Aphelios,BOTTOM,16.13,380,175,0.4605
Aphelios,MIDDLE,16.13,1,1,1.0
Aphelios,TOP,16.13,4,1,0.25
Ashe,BOTTOM,16.13,501,232,0.4631
Ashe,MIDDLE,16.13,6,2,0.3333
Ashe,TOP,16.13,4,2,0.5
Ashe,UTILITY,16.13,24,10,0.4167
AurelionSol,BOTTOM,16.13,120,67,0.5583
AurelionSol,MIDDLE,16.13,54,26,0.4815
AurelionSol,TOP,16.13,13,3,0.2308
AurelionSol,UTILITY,16.13,2,0,0.0
Aurora,BOTTOM,16.13,12,7,0.5833
Aurora,MIDDLE,16.13,284,121,0.4261
Aurora,TOP,16.13,153,84,0.549
Azir,BOTTOM,16.13,4,2,0.5
Azir,MIDDLE,16.13,108,49,0.4537
Azir,TOP,16.13,28,17,0.6071
Azir,UTILITY,16.13,1,1,1.0
Bard,MIDDLE,16.13,2,1,0.5
Bard,UTILITY,16.13,768,370,0.4818
Belveth,BOTTOM,16.13,1,0,0.0
Belveth,JUNGLE,16.13,274,142,0.5182
Belveth,TOP,16.13,3,1,0.3333
Belveth,UTILITY,16.13,2,1,0.5
Blitzcrank,UTILITY,16.13,415,213,0.5133
Brand,BOTTOM,16.13,166,80,0.4819
Brand,JUNGLE,16.13,29,13,0.4483
Brand,MIDDLE,16.13,53,32,0.6038
Brand,TOP,16.13,9,2,0.2222
Brand,UTILITY,16.13,58,31,0.5345
Braum,TOP,16.13,1,0,0.0
Braum,UTILITY,16.13,459,245,0.5338
Briar,BOTTOM,16.13,1,0,0.0
Briar,JUNGLE,16.13,168,94,0.5595
Briar,MIDDLE,16.13,5,5,1.0
Briar,TOP,16.13,9,4,0.4444
Briar,UTILITY,16.13,4,2,0.5
Caitlyn,BOTTOM,16.13,771,336,0.4358
Caitlyn,JUNGLE,16.13,1,0,0.0
Caitlyn,MIDDLE,16.13,6,4,0.6667
Caitlyn,TOP,16.13,7,3,0.4286
Caitlyn,UTILITY,16.13,1,0,0.0
Camille,BOTTOM,16.13,2,1,0.5
Camille,JUNGLE,16.13,7,2,0.2857
Camille,MIDDLE,16.13,7,1,0.1429
Camille,TOP,16.13,242,137,0.5661
Camille,UTILITY,16.13,653,308,0.4717
Cassiopeia,BOTTOM,16.13,88,42,0.4773
Cassiopeia,MIDDLE,16.13,221,115,0.5204
Cassiopeia,TOP,16.13,146,71,0.4863
Chogath,BOTTOM,16.13,8,5,0.625
Chogath,JUNGLE,16.13,48,24,0.5
Chogath,MIDDLE,16.13,59,33,0.5593
Chogath,TOP,16.13,198,107,0.5404
Chogath,UTILITY,16.13,4,1,0.25
Corki,BOTTOM,16.13,131,73,0.5573
Corki,MIDDLE,16.13,22,8,0.3636
Corki,TOP,16.13,15,8,0.5333
Darius,BOTTOM,16.13,5,3,0.6
Darius,JUNGLE,16.13,35,20,0.5714
Darius,MIDDLE,16.13,7,1,0.1429
Darius,TOP,16.13,514,254,0.4942
Darius,UTILITY,16.13,5,1,0.2
Diana,BOTTOM,16.13,4,4,1.0
Diana,JUNGLE,16.13,353,171,0.4844
Diana,MIDDLE,16.13,217,111,0.5115
Diana,TOP,16.13,22,8,0.3636
Diana,UTILITY,16.13,1,1,1.0
DrMundo,BOTTOM,16.13,2,1,0.5
DrMundo,JUNGLE,16.13,79,38,0.481
DrMundo,MIDDLE,16.13,13,6,0.4615
DrMundo,TOP,16.13,370,173,0.4676
Draven,BOTTOM,16.13,493,242,0.4909
Draven,MIDDLE,16.13,8,1,0.125
Draven,TOP,16.13,12,6,0.5
Ekko,BOTTOM,16.13,33,10,0.303
Ekko,JUNGLE,16.13,309,165,0.534
Ekko,MIDDLE,16.13,321,151,0.4704
Ekko,TOP,16.13,33,14,0.4242
Ekko,UTILITY,16.13,4,2,0.5
Elise,JUNGLE,16.13,172,78,0.4535
Elise,MIDDLE,16.13,1,1,1.0
Elise,TOP,16.13,19,11,0.5789
Elise,UTILITY,16.13,132,68,0.5152
Evelynn,JUNGLE,16.13,189,81,0.4286
Evelynn,UTILITY,16.13,2,1,0.5
Ezreal,BOTTOM,16.13,1135,554,0.4881
Ezreal,JUNGLE,16.13,4,1,0.25
Ezreal,MIDDLE,16.13,29,15,0.5172
Ezreal,TOP,16.13,9,3,0.3333
Ezreal,UTILITY,16.13,4,1,0.25
FiddleSticks,JUNGLE,16.13,107,56,0.5234
FiddleSticks,MIDDLE,16.13,6,1,0.1667
FiddleSticks,TOP,16.13,35,19,0.5429
FiddleSticks,UTILITY,16.13,35,22,0.6286
Fiora,BOTTOM,16.13,39,14,0.359
Fiora,MIDDLE,16.13,10,4,0.4
Fiora,TOP,16.13,273,148,0.5421
Fiora,UTILITY,16.13,6,2,0.3333
Fizz,BOTTOM,16.13,6,5,0.8333
Fizz,JUNGLE,16.13,31,12,0.3871
Fizz,MIDDLE,16.13,247,118,0.4777
Fizz,TOP,16.13,10,3,0.3
Fizz,UTILITY,16.13,3,1,0.3333
Galio,BOTTOM,16.13,3,1,0.3333
Galio,MIDDLE,16.13,384,200,0.5208
Galio,TOP,16.13,34,11,0.3235
Galio,UTILITY,16.13,81,43,0.5309
Gangplank,BOTTOM,16.13,7,4,0.5714
Gangplank,MIDDLE,16.13,35,18,0.5143
Gangplank,TOP,16.13,336,183,0.5446
Garen,BOTTOM,16.13,3,2,0.6667
Garen,JUNGLE,16.13,1,1,1.0
Garen,MIDDLE,16.13,40,23,0.575
Garen,TOP,16.13,408,192,0.4706
Garen,UTILITY,16.13,1,1,1.0
Gnar,JUNGLE,16.13,1,1,1.0
Gnar,MIDDLE,16.13,1,0,0.0
Gnar,TOP,16.13,389,172,0.4422
Gragas,BOTTOM,16.13,2,1,0.5
Gragas,JUNGLE,16.13,44,17,0.3864
Gragas,MIDDLE,16.13,70,34,0.4857
Gragas,TOP,16.13,278,157,0.5647
Gragas,UTILITY,16.13,61,29,0.4754
Graves,BOTTOM,16.13,1,1,1.0
Graves,JUNGLE,16.13,799,403,0.5044
Graves,MIDDLE,16.13,2,2,1.0
Graves,TOP,16.13,10,5,0.5
Gwen,BOTTOM,16.13,3,1,0.3333
Gwen,JUNGLE,16.13,60,30,0.5
Gwen,MIDDLE,16.13,53,25,0.4717
Gwen,TOP,16.13,134,58,0.4328
Hecarim,JUNGLE,16.13,566,279,0.4929
Hecarim,TOP,16.13,1,1,1.0
Heimerdinger,BOTTOM,16.13,45,28,0.6222
Heimerdinger,JUNGLE,16.13,1,1,1.0
Heimerdinger,MIDDLE,16.13,33,17,0.5152
Heimerdinger,TOP,16.13,54,27,0.5
Heimerdinger,UTILITY,16.13,15,6,0.4
Hwei,BOTTOM,16.13,303,145,0.4785
Hwei,MIDDLE,16.13,415,206,0.4964
Hwei,TOP,16.13,16,9,0.5625
Hwei,UTILITY,16.13,26,12,0.4615
Illaoi,MIDDLE,16.13,7,3,0.4286
Illaoi,TOP,16.13,127,56,0.4409
Irelia,BOTTOM,16.13,15,5,0.3333
Irelia,MIDDLE,16.13,220,105,0.4773
Irelia,TOP,16.13,357,187,0.5238
Irelia,UTILITY,16.13,1,0,0.0
Ivern,JUNGLE,16.13,159,83,0.522
Ivern,MIDDLE,16.13,3,1,0.3333
Ivern,TOP,16.13,25,13,0.52
Ivern,UTILITY,16.13,15,8,0.5333
Janna,MIDDLE,16.13,1,0,0.0
Janna,TOP,16.13,11,4,0.3636
Janna,UTILITY,16.13,617,318,0.5154
JarvanIV,BOTTOM,16.13,1,0,0.0
JarvanIV,JUNGLE,16.13,702,334,0.4758
JarvanIV,MIDDLE,16.13,1,0,0.0
JarvanIV,TOP,16.13,5,1,0.2
JarvanIV,UTILITY,16.13,23,13,0.5652
Jax,BOTTOM,16.13,3,2,0.6667
Jax,JUNGLE,16.13,50,25,0.5
Jax,MIDDLE,16.13,14,4,0.2857
Jax,TOP,16.13,354,168,0.4746
Jax,UTILITY,16.13,21,11,0.5238
Jayce,BOTTOM,16.13,15,6,0.4
Jayce,JUNGLE,16.13,130,62,0.4769
Jayce,MIDDLE,16.13,176,89,0.5057
Jayce,TOP,16.13,579,286,0.494
Jhin,BOTTOM,16.13,949,478,0.5037
Jhin,JUNGLE,16.13,1,0,0.0
Jhin,MIDDLE,16.13,8,4,0.5
Jhin,TOP,16.13,5,3,0.6
Jhin,UTILITY,16.13,2,1,0.5
Jinx,BOTTOM,16.13,577,292,0.5061
Jinx,JUNGLE,16.13,1,1,1.0
Jinx,MIDDLE,16.13,1,1,1.0
KSante,BOTTOM,16.13,2,1,0.5
KSante,MIDDLE,16.13,17,10,0.5882
KSante,TOP,16.13,383,206,0.5379
KSante,UTILITY,16.13,2,1,0.5
Kaisa,BOTTOM,16.13,913,442,0.4841
Kaisa,JUNGLE,16.13,4,2,0.5
Kaisa,MIDDLE,16.13,13,2,0.1538
Kaisa,TOP,16.13,18,8,0.4444
Kaisa,UTILITY,16.13,1,1,1.0
Kalista,BOTTOM,16.13,323,170,0.5263
Kalista,MIDDLE,16.13,21,11,0.5238
Kalista,TOP,16.13,15,6,0.4
Kalista,UTILITY,16.13,1,0,0.0
Karma,BOTTOM,16.13,1,1,1.0
Karma,MIDDLE,16.13,12,3,0.25
Karma,TOP,16.13,32,19,0.5938
Karma,UTILITY,16.13,765,380,0.4967
Karthus,BOTTOM,16.13,215,112,0.5209
Karthus,JUNGLE,16.13,118,61,0.5169
Karthus,MIDDLE,16.13,22,8,0.3636
Karthus,TOP,16.13,13,6,0.4615
Karthus,UTILITY,16.13,9,6,0.6667
Kassadin,MIDDLE,16.13,313,158,0.5048
Kassadin,TOP,16.13,17,7,0.4118
Katarina,BOTTOM,16.13,81,47,0.5802
Katarina,MIDDLE,16.13,534,278,0.5206
Katarina,TOP,16.13,24,14,0.5833
Katarina,UTILITY,16.13,9,3,0.3333
Kayle,BOTTOM,16.13,7,3,0.4286
Kayle,JUNGLE,16.13,5,3,0.6
Kayle,MIDDLE,16.13,62,38,0.6129
Kayle,TOP,16.13,138,72,0.5217
Kayle,UTILITY,16.13,7,5,0.7143
Kayn,JUNGLE,16.13,268,122,0.4552
Kayn,MIDDLE,16.13,1,0,0.0
Kayn,TOP,16.13,15,4,0.2667
Kennen,BOTTOM,16.13,1,1,1.0
Kennen,MIDDLE,16.13,22,11,0.5
Kennen,TOP,16.13,156,63,0.4038
Kennen,UTILITY,16.13,3,1,0.3333
Khazix,JUNGLE,16.13,669,339,0.5067
Khazix,TOP,16.13,1,0,0.0
Kindred,BOTTOM,16.13,10,3,0.3
Kindred,JUNGLE,16.13,212,110,0.5189
Kindred,MIDDLE,16.13,4,1,0.25
Kindred,TOP,16.13,2,1,0.5
Kled,MIDDLE,16.13,15,5,0.3333
Kled,TOP,16.13,189,93,0.4921
Kled,UTILITY,16.13,7,3,0.4286
KogMaw,BOTTOM,16.13,218,115,0.5275
KogMaw,MIDDLE,16.13,60,27,0.45
KogMaw,TOP,16.13,24,15,0.625
KogMaw,UTILITY,16.13,2,1,0.5
Leblanc,MIDDLE,16.13,355,184,0.5183
Leblanc,TOP,16.13,20,13,0.65
Leblanc,UTILITY,16.13,76,38,0.5
LeeSin,BOTTOM,16.13,2,2,1.0
LeeSin,JUNGLE,16.13,743,387,0.5209
LeeSin,MIDDLE,16.13,14,5,0.3571
LeeSin,TOP,16.13,38,15,0.3947
LeeSin,UTILITY,16.13,7,2,0.2857
Leona,JUNGLE,16.13,1,1,1.0
Leona,TOP,16.13,3,2,0.6667
Leona,UTILITY,16.13,625,340,0.544
Lillia,JUNGLE,16.13,141,70,0.4965
Lillia,TOP,16.13,1,0,0.0
Lissandra,BOTTOM,16.13,9,7,0.7778
Lissandra,MIDDLE,16.13,285,138,0.4842
Lissandra,TOP,16.13,48,27,0.5625
Lissandra,UTILITY,16.13,14,5,0.3571
Locke,BOTTOM,16.13,46,20,0.4348
Locke,JUNGLE,16.13,203,87,0.4286
Locke,MIDDLE,16.13,699,404,0.578
Locke,TOP,16.13,100,51,0.51
Locke,UTILITY,16.13,6,3,0.5
Lucian,BOTTOM,16.13,436,201,0.461
Lucian,MIDDLE,16.13,27,14,0.5185
Lucian,TOP,16.13,10,3,0.3
Lulu,MIDDLE,16.13,3,0,0.0
Lulu,TOP,16.13,2,1,0.5
Lulu,UTILITY,16.13,687,357,0.5197
Lux,BOTTOM,16.13,182,94,0.5165
Lux,MIDDLE,16.13,171,90,0.5263
Lux,TOP,16.13,8,2,0.25
Lux,UTILITY,16.13,175,68,0.3886
Malphite,BOTTOM,16.13,17,7,0.4118
Malphite,JUNGLE,16.13,58,29,0.5
Malphite,MIDDLE,16.13,44,24,0.5455
Malphite,TOP,16.13,466,206,0.4421
Malphite,UTILITY,16.13,5,1,0.2
Malzahar,BOTTOM,16.13,35,16,0.4571
Malzahar,JUNGLE,16.13,2,1,0.5
Malzahar,MIDDLE,16.13,168,80,0.4762
Malzahar,TOP,16.13,34,20,0.5882
Malzahar,UTILITY,16.13,2,1,0.5
Maokai,BOTTOM,16.13,1,0,0.0
Maokai,JUNGLE,16.13,29,15,0.5172
Maokai,TOP,16.13,39,14,0.359
Maokai,UTILITY,16.13,128,62,0.4844
MasterYi,BOTTOM,16.13,36,19,0.5278
MasterYi,JUNGLE,16.13,309,152,0.4919
MasterYi,MIDDLE,16.13,12,7,0.5833
MasterYi,TOP,16.13,25,12,0.48
MasterYi,UTILITY,16.13,1,0,0.0
Mel,BOTTOM,16.13,443,200,0.4515
Mel,MIDDLE,16.13,143,60,0.4196
Mel,TOP,16.13,3,1,0.3333
Mel,UTILITY,16.13,48,21,0.4375
Milio,UTILITY,16.13,337,160,0.4748
MissFortune,BOTTOM,16.13,232,117,0.5043
MissFortune,JUNGLE,16.13,1,0,0.0
MissFortune,MIDDLE,16.13,4,3,0.75
MissFortune,TOP,16.13,2,0,0.0
MissFortune,UTILITY,16.13,3,2,0.6667
MonkeyKing,BOTTOM,16.13,1,0,0.0
MonkeyKing,JUNGLE,16.13,519,249,0.4798
MonkeyKing,MIDDLE,16.13,9,7,0.7778
MonkeyKing,TOP,16.13,59,27,0.4576
MonkeyKing,UTILITY,16.13,4,1,0.25
Mordekaiser,JUNGLE,16.13,7,5,0.7143
Mordekaiser,MIDDLE,16.13,4,2,0.5
Mordekaiser,TOP,16.13,157,82,0.5223
Mordekaiser,UTILITY,16.13,1,0,0.0
Morgana,BOTTOM,16.13,2,1,0.5
Morgana,JUNGLE,16.13,17,10,0.5882
Morgana,MIDDLE,16.13,28,16,0.5714
Morgana,TOP,16.13,1,0,0.0
Morgana,UTILITY,16.13,118,58,0.4915
Naafiri,BOTTOM,16.13,12,7,0.5833
Naafiri,JUNGLE,16.13,449,214,0.4766
Naafiri,MIDDLE,16.13,149,71,0.4765
Naafiri,TOP,16.13,44,18,0.4091
Nami,UTILITY,16.13,587,288,0.4906
Nasus,BOTTOM,16.13,2,2,1.0
Nasus,JUNGLE,16.13,267,141,0.5281
Nasus,MIDDLE,16.13,20,8,0.4
Nasus,TOP,16.13,154,79,0.513
Nasus,UTILITY,16.13,8,3,0.375
Nautilus,BOTTOM,16.13,1,0,0.0
Nautilus,JUNGLE,16.13,3,1,0.3333
Nautilus,MIDDLE,16.13,2,1,0.5
Nautilus,TOP,16.13,5,3,0.6
Nautilus,UTILITY,16.13,1123,555,0.4942
Neeko,BOTTOM,16.13,9,5,0.5556
Neeko,JUNGLE,16.13,8,6,0.75
Neeko,MIDDLE,16.13,31,16,0.5161
Neeko,TOP,16.13,6,4,0.6667
Neeko,UTILITY,16.13,132,68,0.5152
Nidalee,JUNGLE,16.13,335,175,0.5224
Nidalee,MIDDLE,16.13,3,1,0.3333
Nidalee,TOP,16.13,10,6,0.6
Nidalee,UTILITY,16.13,49,22,0.449
Nilah,BOTTOM,16.13,124,60,0.4839
Nilah,MIDDLE,16.13,1,0,0.0
Nilah,TOP,16.13,1,0,0.0
Nocturne,JUNGLE,16.13,355,168,0.4732
Nocturne,MIDDLE,16.13,1,0,0.0
Nocturne,TOP,16.13,4,3,0.75
Nunu,BOTTOM,16.13,1,1,1.0
Nunu,JUNGLE,16.13,292,146,0.5
Nunu,MIDDLE,16.13,28,14,0.5
Nunu,TOP,16.13,4,2,0.5
Nunu,UTILITY,16.13,8,5,0.625
Olaf,BOTTOM,16.13,22,10,0.4545
Olaf,JUNGLE,16.13,83,37,0.4458
Olaf,MIDDLE,16.13,14,8,0.5714
Olaf,TOP,16.13,306,146,0.4771
Orianna,BOTTOM,16.13,7,5,0.7143
Orianna,MIDDLE,16.13,267,138,0.5169
Orianna,TOP,16.13,4,2,0.5
Orianna,UTILITY,16.13,2,1,0.5
Ornn,JUNGLE,16.13,3,1,0.3333
Ornn,MIDDLE,16.13,10,6,0.6
Ornn,TOP,16.13,411,213,0.5182
Ornn,UTILITY,16.13,8,5,0.625
Pantheon,BOTTOM,16.13,11,6,0.5455
Pantheon,JUNGLE,16.13,113,61,0.5398
Pantheon,MIDDLE,16.13,40,24,0.6
Pantheon,TOP,16.13,200,104,0.52
Pantheon,UTILITY,16.13,252,124,0.4921
Poppy,JUNGLE,16.13,76,44,0.5789
Poppy,MIDDLE,16.13,2,1,0.5
Poppy,TOP,16.13,109,54,0.4954
Poppy,UTILITY,16.13,255,132,0.5176
Pyke,BOTTOM,16.13,2,1,0.5
Pyke,MIDDLE,16.13,2,1,0.5
Pyke,TOP,16.13,1,1,1.0
Pyke,UTILITY,16.13,518,258,0.4981
Qiyana,BOTTOM,16.13,5,2,0.4
Qiyana,JUNGLE,16.13,405,206,0.5086
Qiyana,MIDDLE,16.13,232,110,0.4741
Qiyana,TOP,16.13,38,18,0.4737
Qiyana,UTILITY,16.13,11,3,0.2727
Quinn,BOTTOM,16.13,2,0,0.0
Quinn,JUNGLE,16.13,112,47,0.4196
Quinn,MIDDLE,16.13,27,11,0.4074
Quinn,TOP,16.13,76,37,0.4868
Quinn,UTILITY,16.13,1,0,0.0
Rakan,BOTTOM,16.13,1,1,1.0
Rakan,MIDDLE,16.13,9,6,0.6667
Rakan,UTILITY,16.13,495,240,0.4848
Rammus,JUNGLE,16.13,60,31,0.5167
Rammus,TOP,16.13,4,2,0.5
Rammus,UTILITY,16.13,5,2,0.4
RekSai,JUNGLE,16.13,229,122,0.5328
RekSai,MIDDLE,16.13,1,0,0.0
RekSai,TOP,16.13,17,9,0.5294
RekSai,UTILITY,16.13,1,0,0.0
Rell,UTILITY,16.13,677,346,0.5111
Renata,UTILITY,16.13,125,74,0.592
Renekton,MIDDLE,16.13,34,14,0.4118
Renekton,TOP,16.13,457,224,0.4902
Rengar,BOTTOM,16.13,4,1,0.25
Rengar,JUNGLE,16.13,418,223,0.5335
Rengar,TOP,16.13,7,3,0.4286
Rengar,UTILITY,16.13,14,7,0.5
Riven,BOTTOM,16.13,11,7,0.6364
Riven,JUNGLE,16.13,57,35,0.614
Riven,MIDDLE,16.13,264,142,0.5379
Riven,TOP,16.13,312,163,0.5224
Riven,UTILITY,16.13,1,1,1.0
Rumble,BOTTOM,16.13,2,2,1.0
Rumble,JUNGLE,16.13,13,3,0.2308
Rumble,MIDDLE,16.13,38,21,0.5526
Rumble,TOP,16.13,171,92,0.538
Rumble,UTILITY,16.13,4,3,0.75
Ryze,BOTTOM,16.13,5,2,0.4
Ryze,MIDDLE,16.13,276,132,0.4783
Ryze,TOP,16.13,78,33,0.4231
Samira,BOTTOM,16.13,234,125,0.5342
Samira,TOP,16.13,1,0,0.0
Sejuani,JUNGLE,16.13,84,45,0.5357
Sejuani,MIDDLE,16.13,3,1,0.3333
Sejuani,TOP,16.13,19,13,0.6842
Senna,BOTTOM,16.13,543,282,0.5193
Senna,MIDDLE,16.13,2,0,0.0
Senna,TOP,16.13,9,4,0.4444
Senna,UTILITY,16.13,783,400,0.5109
Seraphine,BOTTOM,16.13,444,253,0.5698
Seraphine,MIDDLE,16.13,20,12,0.6
Seraphine,TOP,16.13,5,1,0.2
Seraphine,UTILITY,16.13,536,274,0.5112
Sett,BOTTOM,16.13,17,9,0.5294
Sett,JUNGLE,16.13,7,4,0.5714
Sett,MIDDLE,16.13,11,4,0.3636
Sett,TOP,16.13,226,115,0.5088
Sett,UTILITY,16.13,6,2,0.3333
Shaco,JUNGLE,16.13,409,217,0.5306
Shaco,MIDDLE,16.13,1,1,1.0
Shaco,TOP,16.13,5,3,0.6
Shaco,UTILITY,16.13,93,36,0.3871
Shen,BOTTOM,16.13,1,0,0.0
Shen,JUNGLE,16.13,23,12,0.5217
Shen,MIDDLE,16.13,8,2,0.25
Shen,TOP,16.13,337,175,0.5193
Shen,UTILITY,16.13,102,47,0.4608
Shyvana,JUNGLE,16.13,158,81,0.5127
Shyvana,MIDDLE,16.13,1,0,0.0
Shyvana,TOP,16.13,35,17,0.4857
Singed,BOTTOM,16.13,3,1,0.3333
Singed,JUNGLE,16.13,3,2,0.6667
Singed,MIDDLE,16.13,53,30,0.566
Singed,TOP,16.13,259,140,0.5405
Singed,UTILITY,16.13,11,5,0.4545
Sion,BOTTOM,16.13,13,7,0.5385
Sion,JUNGLE,16.13,12,6,0.5
Sion,MIDDLE,16.13,94,49,0.5213
Sion,TOP,16.13,412,182,0.4417
Sion,UTILITY,16.13,13,4,0.3077
Sivir,BOTTOM,16.13,389,190,0.4884
Sivir,MIDDLE,16.13,10,7,0.7
Sivir,TOP,16.13,1,0,0.0
Skarner,JUNGLE,16.13,199,104,0.5226
Skarner,MIDDLE,16.13,2,1,0.5
Skarner,TOP,16.13,14,6,0.4286
Skarner,UTILITY,16.13,28,15,0.5357
Smolder,BOTTOM,16.13,123,54,0.439
Smolder,MIDDLE,16.13,33,15,0.4545
Smolder,TOP,16.13,6,3,0.5
Sona,BOTTOM,16.13,3,3,1.0
Sona,UTILITY,16.13,385,203,0.5273
Soraka,BOTTOM,16.13,7,5,0.7143
Soraka,MIDDLE,16.13,5,2,0.4
Soraka,TOP,16.13,15,9,0.6
Soraka,UTILITY,16.13,330,161,0.4879
Swain,BOTTOM,16.13,123,65,0.5285
Swain,JUNGLE,16.13,1,0,0.0
Swain,MIDDLE,16.13,33,12,0.3636
Swain,TOP,16.13,41,17,0.4146
Swain,UTILITY,16.13,79,42,0.5316
Sylas,BOTTOM,16.13,52,30,0.5769
Sylas,JUNGLE,16.13,881,436,0.4949
Sylas,MIDDLE,16.13,689,350,0.508
Sylas,TOP,16.13,120,64,0.5333
Sylas,UTILITY,16.13,85,39,0.4588
Syndra,BOTTOM,16.13,408,222,0.5441
Syndra,MIDDLE,16.13,964,500,0.5187
Syndra,TOP,16.13,36,16,0.4444
Syndra,UTILITY,16.13,4,3,0.75
TahmKench,BOTTOM,16.13,42,23,0.5476
TahmKench,JUNGLE,16.13,1,0,0.0
TahmKench,MIDDLE,16.13,8,4,0.5
TahmKench,TOP,16.13,73,34,0.4658
TahmKench,UTILITY,16.13,116,56,0.4828
Taliyah,BOTTOM,16.13,45,24,0.5333
Taliyah,JUNGLE,16.13,108,58,0.537
Taliyah,MIDDLE,16.13,203,100,0.4926
Taliyah,TOP,16.13,15,10,0.6667
Taliyah,UTILITY,16.13,24,11,0.4583
Talon,BOTTOM,16.13,1,1,1.0
Talon,JUNGLE,16.13,594,297,0.5
Talon,MIDDLE,16.13,82,37,0.4512
Talon,TOP,16.13,4,4,1.0
Talon,UTILITY,16.13,1,0,0.0
Taric,MIDDLE,16.13,1,0,0.0
Taric,TOP,16.13,1,1,1.0
Taric,UTILITY,16.13,151,77,0.5099
Teemo,BOTTOM,16.13,17,9,0.5294
Teemo,JUNGLE,16.13,31,16,0.5161
Teemo,MIDDLE,16.13,5,4,0.8
Teemo,TOP,16.13,184,100,0.5435
Teemo,UTILITY,16.13,10,5,0.5
Thresh,TOP,16.13,3,0,0.0
Thresh,UTILITY,16.13,933,512,0.5488
Tristana,BOTTOM,16.13,727,378,0.5199
Tristana,MIDDLE,16.13,115,57,0.4957
Tristana,TOP,16.13,23,9,0.3913
Trundle,BOTTOM,16.13,19,12,0.6316
Trundle,JUNGLE,16.13,41,19,0.4634
Trundle,MIDDLE,16.13,4,3,0.75
Trundle,TOP,16.13,97,58,0.5979
Trundle,UTILITY,16.13,9,6,0.6667
Tryndamere,JUNGLE,16.13,13,7,0.5385
Tryndamere,MIDDLE,16.13,42,24,0.5714
Tryndamere,TOP,16.13,193,99,0.513
Tryndamere,UTILITY,16.13,1,0,0.0
TwistedFate,BOTTOM,16.13,12,3,0.25
TwistedFate,JUNGLE,16.13,3,0,0.0
TwistedFate,MIDDLE,16.13,322,176,0.5466
TwistedFate,TOP,16.13,53,31,0.5849
TwistedFate,UTILITY,16.13,22,8,0.3636
Twitch,BOTTOM,16.13,355,184,0.5183
Twitch,JUNGLE,16.13,2,0,0.0
Twitch,MIDDLE,16.13,18,12,0.6667
Twitch,TOP,16.13,4,2,0.5
Twitch,UTILITY,16.13,8,2,0.25
Udyr,JUNGLE,16.13,161,82,0.5093
Udyr,MIDDLE,16.13,5,3,0.6
Udyr,TOP,16.13,46,22,0.4783
Urgot,JUNGLE,16.13,6,4,0.6667
Urgot,MIDDLE,16.13,6,4,0.6667
Urgot,TOP,16.13,242,138,0.5702
Urgot,UTILITY,16.13,3,1,0.3333
Varus,BOTTOM,16.13,219,112,0.5114
Varus,MIDDLE,16.13,15,3,0.2
Varus,TOP,16.13,131,64,0.4885
Vayne,BOTTOM,16.13,302,155,0.5132
Vayne,JUNGLE,16.13,9,5,0.5556
Vayne,MIDDLE,16.13,34,17,0.5
Vayne,TOP,16.13,432,211,0.4884
Veigar,BOTTOM,16.13,118,52,0.4407
Veigar,MIDDLE,16.13,141,77,0.5461
Veigar,TOP,16.13,10,5,0.5
Veigar,UTILITY,16.13,7,5,0.7143
Velkoz,BOTTOM,16.13,220,105,0.4773
Velkoz,MIDDLE,16.13,117,53,0.453
Velkoz,TOP,16.13,22,9,0.4091
Velkoz,UTILITY,16.13,190,85,0.4474
Vex,BOTTOM,16.13,2,2,1.0
Vex,MIDDLE,16.13,135,77,0.5704
Vex,TOP,16.13,14,8,0.5714
Vex,UTILITY,16.13,7,2,0.2857
Vi,JUNGLE,16.13,277,130,0.4693
Vi,MIDDLE,16.13,5,0,0.0
Vi,TOP,16.13,5,4,0.8
Vi,UTILITY,16.13,5,4,0.8
Viego,BOTTOM,16.13,4,2,0.5
Viego,JUNGLE,16.13,782,395,0.5051
Viego,MIDDLE,16.13,19,8,0.4211
Viego,TOP,16.13,3,2,0.6667
Viktor,BOTTOM,16.13,168,96,0.5714
Viktor,MIDDLE,16.13,506,242,0.4783
Viktor,TOP,16.13,28,12,0.4286
Vladimir,BOTTOM,16.13,97,44,0.4536
Vladimir,MIDDLE,16.13,292,129,0.4418
Vladimir,TOP,16.13,171,81,0.4737
Volibear,JUNGLE,16.13,55,30,0.5455
Volibear,MIDDLE,16.13,3,2,0.6667
Volibear,TOP,16.13,105,44,0.419
Warwick,BOTTOM,16.13,3,1,0.3333
Warwick,JUNGLE,16.13,112,60,0.5357
Warwick,MIDDLE,16.13,1,0,0.0
Warwick,TOP,16.13,116,57,0.4914
Warwick,UTILITY,16.13,1,1,1.0
Xayah,BOTTOM,16.13,241,113,0.4689
Xayah,MIDDLE,16.13,3,2,0.6667
Xayah,TOP,16.13,2,1,0.5
Xerath,BOTTOM,16.13,111,57,0.5135
Xerath,MIDDLE,16.13,237,115,0.4852
Xerath,TOP,16.13,1,1,1.0
Xerath,UTILITY,16.13,62,34,0.5484
XinZhao,BOTTOM,16.13,20,12,0.6
XinZhao,JUNGLE,16.13,280,122,0.4357
XinZhao,MIDDLE,16.13,18,7,0.3889
XinZhao,TOP,16.13,56,26,0.4643
XinZhao,UTILITY,16.13,1,0,0.0
Yasuo,BOTTOM,16.13,197,116,0.5888
Yasuo,JUNGLE,16.13,3,2,0.6667
Yasuo,MIDDLE,16.13,578,280,0.4844
Yasuo,TOP,16.13,249,122,0.49
Yone,BOTTOM,16.13,21,10,0.4762
Yone,JUNGLE,16.13,2,1,0.5
Yone,MIDDLE,16.13,508,240,0.4724
Yone,TOP,16.13,443,218,0.4921
Yorick,JUNGLE,16.13,2,0,0.0
Yorick,MIDDLE,16.13,7,4,0.5714
Yorick,TOP,16.13,183,94,0.5137
Yorick,UTILITY,16.13,1,0,0.0
Yunara,BOTTOM,16.13,405,211,0.521
Yunara,JUNGLE,16.13,1,0,0.0
Yunara,MIDDLE,16.13,1,1,1.0
Yuumi,UTILITY,16.13,178,68,0.382
Zaahen,BOTTOM,16.13,1,0,0.0
Zaahen,JUNGLE,16.13,67,29,0.4328
Zaahen,MIDDLE,16.13,8,4,0.5
Zaahen,TOP,16.13,334,183,0.5479
Zaahen,UTILITY,16.13,2,1,0.5
Zac,BOTTOM,16.13,11,7,0.6364
Zac,JUNGLE,16.13,163,86,0.5276
Zac,MIDDLE,16.13,12,6,0.5
Zac,TOP,16.13,23,15,0.6522
Zac,UTILITY,16.13,16,10,0.625
Zed,BOTTOM,16.13,7,3,0.4286
Zed,JUNGLE,16.13,110,51,0.4636
Zed,MIDDLE,16.13,511,251,0.4912
Zed,TOP,16.13,96,50,0.5208
Zed,UTILITY,16.13,3,1,0.3333
Zeri,BOTTOM,16.13,520,277,0.5327
Zeri,JUNGLE,16.13,4,3,0.75
Zeri,MIDDLE,16.13,6,3,0.5
Zeri,TOP,16.13,15,7,0.4667
Ziggs,BOTTOM,16.13,452,214,0.4735
Ziggs,MIDDLE,16.13,48,22,0.4583
Ziggs,UTILITY,16.13,1,1,1.0
Zilean,BOTTOM,16.13,13,6,0.4615
Zilean,MIDDLE,16.13,57,32,0.5614
Zilean,TOP,16.13,70,40,0.5714
Zilean,UTILITY,16.13,291,136,0.4674
Zoe,BOTTOM,16.13,8,6,0.75
Zoe,MIDDLE,16.13,243,129,0.5309
Zoe,TOP,16.13,37,18,0.4865
Zoe,UTILITY,16.13,118,65,0.5508
Zyra,BOTTOM,16.13,39,18,0.4615
Zyra,JUNGLE,16.13,123,55,0.4472
Zyra,MIDDLE,16.13,3,1,0.3333
Zyra,TOP,16.13,6,3,0.5
Zyra,UTILITY,16.13,86,47,0.5465
